state,mean,sd,prop
5,23034.620887881138,1207.2020054963718,0.2733050847457627
4,23175.24783938393,3067.037371263105,0.07909604519774012
6,28775.37115078,1119.459645439741,0.1059322033898305
2,33302.78508304913,1320.7630497937862,0.2443502824858757
1,35941.0192376359,2198.9249452393874,0.13771186440677965
3,42269.94480642035,1454.1727945073937,0.1596045197740113
