m,logLik,k,AIC,BIC
1,-14564.923999054801,2,29133.847998109602,29144.35918065811
2,-13876.765482639228,10,27767.530965278456,27804.320104198232
3,-13549.03455562506,18,27126.06911125012,27199.64738908967
4,-13332.634369345533,28,26711.268738691066,26832.1473379989
5,-13212.604320260709,40,26493.208640521418,26671.898743846043
6,-13155.371224579672,54,26404.742449159345,26651.755239049267
